<?xml version="1.0"?>
<doc>
    <assembly>
        <name>Genesyslab.Platform.ApplicationBlocks.WarmStandby</name>
    </assembly>
    <members>
        <member name="T:Genesyslab.Platform.Standby.WarmStandby">
            <summary>
            WarmStandby facade. Declares basic functionality of WarmStandby.
            Active WarmStandby controls channel, so it may considered as resource.
            Always close or dispose it before leaving an application, 
            because an opened WarmStandby will lead the to non-stopped threads. 
            </summary>
        </member>
        <member name="M:Genesyslab.Platform.Standby.WarmStandby.#ctor(Genesyslab.Platform.Commons.Protocols.ClientChannel,System.Collections.Generic.List{Genesyslab.Platform.Commons.Protocols.Endpoint})">
            <summary>
            Creates a new warm standby instance.
            <para>Disables direct connection operations of the channel.<br/>
            The warm standby gets exclusive control under the connection operations.
            </para>
            </summary>
            <param name="channel">Client channel</param>
            <param name="endpoints">List of endpoints</param>
            <exception cref="T:Genesyslab.Platform.Commons.Protocols.DisabledMethodException">If channel is externally controlled, for example by another WarmStandby</exception>
            <exception cref="T:System.ArgumentNullException">If channel is null</exception>
            <exception cref="T:System.ArgumentException">If list of endpoints contains null value</exception>
        </member>
        <member name="M:Genesyslab.Platform.Standby.WarmStandby.#ctor(System.String,Genesyslab.Platform.Commons.Protocols.ClientChannel,System.Collections.Generic.List{Genesyslab.Platform.Commons.Protocols.Endpoint})">
            <summary>
            Creates a new warm standby instance.
            <para>Disables direct connection operations of the channel.<br/>
            The warm standby gets exclusive control under the connection operations.
            </para>
            </summary>
            <param name="name">Name of instance</param>
            <param name="channel">Client channel</param>
            <param name="endpoints">List of endpoints</param>
            <exception cref="T:Genesyslab.Platform.Commons.Protocols.DisabledMethodException">If channel is externally controlled, for example by another WarmStandby</exception>
            <exception cref="T:System.ArgumentNullException">If channel is null</exception>
            <exception cref="T:System.ArgumentException">If list of endpoints contains null value</exception>
        </member>
        <member name="M:Genesyslab.Platform.Standby.WarmStandby.#ctor(Genesyslab.Platform.Commons.Protocols.ClientChannel,Genesyslab.Platform.Commons.Protocols.Endpoint[])">
            <summary>
            Creates a new warm standby instance.
            <para>Disables direct connection operations of the channel.<br/>
            The warm standby gets exclusive control under the connection operations.
            </para>
            </summary>
            <param name="channel">Client channel</param>
            <param name="endpoints">Array of endpoints</param>
            <exception cref="T:Genesyslab.Platform.Commons.Protocols.DisabledMethodException">If channel is externally controlled, for example by another WarmStandby</exception>
            <exception cref="T:System.ArgumentNullException">If channel is null</exception>
            <exception cref="T:System.ArgumentException">If list of endpoints contains null value</exception>
        </member>
        <member name="M:Genesyslab.Platform.Standby.WarmStandby.#ctor(System.String,Genesyslab.Platform.Commons.Protocols.ClientChannel,Genesyslab.Platform.Commons.Protocols.Endpoint[])">
            <summary>
            Creates a new warm standby instance.
            <para>Disables direct connection operations of the channel.<br/>
            The warm standby gets exclusive control under the connection operations.
            </para>
            </summary>
            <param name="name">Name of instance</param>
            <param name="channel">Client channel</param>
            <param name="endpoints">Array of endpoints</param>
            <exception cref="T:Genesyslab.Platform.Commons.Protocols.DisabledMethodException">If channel is externally controlled, for example by another WarmStandby</exception>
            <exception cref="T:System.ArgumentNullException">If channel is null</exception>
            <exception cref="T:System.ArgumentException">If list of endpoints contains null value</exception>
        </member>
        <member name="M:Genesyslab.Platform.Standby.WarmStandby.Open">
            <summary>
            Opens synchronously the channel to any available server specified in the configuration.
            <para>
            This method blocks until the channel is opened, also in the case that channel opening is already in progress.
            </para>
            <para>
            Do not use directly channel's open/close operations. Use the WarmStandby's ones.
            </para>
            <para>
            <b>Caution: Do not use this method inside WarmStandby handler.</b>
            </para>
            </summary>
            <exception cref="T:System.InvalidOperationException">If this method is called inside WarmStandby handler</exception>
        </member>
        <member name="M:Genesyslab.Platform.Standby.WarmStandby.BeginOpen(System.AsyncCallback,System.Object)">
            <summary>
            Opens asynchronously the channel to any available server specified in the configuration.
            <para>
            Do not use directly channel's open/close operations. Use the WarmStandby's ones.
            </para>
            </summary>
            <param name="callback">Callback</param>
            <param name="state">custon object</param>
            <returns>IAsyncResult instance</returns>
        </member>
        <member name="M:Genesyslab.Platform.Standby.WarmStandby.EndOpen(System.IAsyncResult)">
            <summary>
            Finishes BeginOpen operation synchronously.
            <para>
            <b>Caution: Do not use this method inside WarmStandby handler.</b>
            </para>
            </summary>
            <param name="iar">IAsyncResult instance</param>
            <exception cref="T:System.InvalidOperationException">If this method is called inside WarmStandby handler</exception>
        </member>
        <member name="M:Genesyslab.Platform.Standby.WarmStandby.Close">
            <summary>
            Synchronously closes the channel and stops all WarmStandby's activity.
            Clears flag auto restore.
            <para>
            It disables auto restore, cancels channel opening and closes the channel synchronously.
            </para>
            <para>
            Do not use directly channel's open/close operations. Use the WarmStandby's ones.
            </para>
            </summary>
        </member>
        <member name="M:Genesyslab.Platform.Standby.WarmStandby.BeginClose(System.AsyncCallback,System.Object)">
            <summary>
            Asynchronously closes the channel and stops all WarmStandby's activity.
            Clears flag auto restore.
            <para>
            It disables auto restore, cancels channel opening and closes the channel asynchronously.
            </para>
            <para>
            Do not use directly channel's open/close operations. Use the WarmStandby's ones.
            </para>
            </summary>
            <param name="callback">Callback</param>
            <param name="state">custon object</param>
            <returns>IAsyncResult instance</returns>
        </member>
        <member name="M:Genesyslab.Platform.Standby.WarmStandby.EndClose(System.IAsyncResult)">
            <summary>
            Finishes BeginClose operation
            </summary>
            <param name="iar">IAsyncResult instance</param>
        </member>
        <member name="P:Genesyslab.Platform.Standby.WarmStandby.IsOpened">
            <summary>
            Returns true if Channel is opened.
            </summary>
        </member>
        <member name="P:Genesyslab.Platform.Standby.WarmStandby.Channel">
            <summary>
            Returns client channel
            </summary>
        </member>
        <member name="P:Genesyslab.Platform.Standby.WarmStandby.Configuration">
            <summary>
            Gets configuration's reference, and apply properties of external configuration
            </summary>
        </member>
        <member name="P:Genesyslab.Platform.Standby.WarmStandby.Name">
            <summary>
            Gets the instance name
            </summary>
        </member>
        <member name="P:Genesyslab.Platform.Standby.WarmStandby.ID">
            <summary>
            Gets the instance unique ID
            </summary>
        </member>
        <member name="M:Genesyslab.Platform.Standby.WarmStandby.AutoRestore">
            <summary>
            Enables/disables auto restore and opens asynchronously the channel if required.
            Set it to true only when configuration is initialized.
            <para>
            This method equals to AutoRestore(true);
            </para>
            </summary>
            <exception cref="T:Genesyslab.Platform.Standby.WSEmptyEndpointPoolException">if pool of Endpoint is empty</exception>
        </member>
        <member name="M:Genesyslab.Platform.Standby.WarmStandby.AutoRestore(System.Boolean)">
            <summary>
            Enables auto restore and opens asynchronously the channel if required.
            Set it to true only when configuration is initialized.
            Use method Close, to disable auto restore.
            </summary>
            <param name="open">Flag to start opening channel</param>
            <exception cref="T:Genesyslab.Platform.Standby.WSEmptyEndpointPoolException">if pool of Endpoint is empty</exception>
        </member>
        <member name="E:Genesyslab.Platform.Standby.WarmStandby.ChannelOpened">
            <summary>
            It is called when the channel has been opened.
            </summary>
        </member>
        <member name="E:Genesyslab.Platform.Standby.WarmStandby.ChannelDisconnected">
            <summary>
            It is called when the channel disconnection occurs.
            </summary>
        </member>
        <member name="E:Genesyslab.Platform.Standby.WarmStandby.EndpointTriedUnsuccessfully">
            <summary>
            It is called when the channel hasn't been opened due to some error.
            </summary>
        </member>
        <member name="E:Genesyslab.Platform.Standby.WarmStandby.AllEndpointsTriedUnsuccessfully">
            <summary>
            It is called when all endpoints have been checked unsuccessfully (all
            servers have been unavaliable) or the endpoint pool is empty.
            </summary>
        </member>
        <member name="M:Genesyslab.Platform.Standby.WarmStandby.OnEnableLogging(Genesyslab.Platform.Commons.Logging.ILogger)">
            <exclude/>
        </member>
        <member name="T:Genesyslab.Platform.Standby.WSEvent">
            <summary>
            Base WarmStaneby eventArgsArgs
            </summary>
        </member>
        <member name="M:Genesyslab.Platform.Standby.WSEvent.#ctor(Genesyslab.Platform.Standby.WarmStandby)">
            <summary>
            Constructor of base WarmStandby eventArgs
            </summary>
            <param name="warmStandby">WarmStandby instance</param>
        </member>
        <member name="P:Genesyslab.Platform.Standby.WSEvent.WarmStandby">
            <summary>
            Returns source WarmStandby instance
            </summary>
        </member>
        <member name="T:Genesyslab.Platform.Standby.WSAllTriedUnsuccessfullyEvent">
            <summary>
            Event to notify that all endpoints in pool was unsuccessfuly processed.
            </summary>
        </member>
        <member name="P:Genesyslab.Platform.Standby.WSAllTriedUnsuccessfullyEvent.RetryNumber">
            <summary>
            Returns how many times all endpoints have been tried unsuccessfully.
            Every time when the channel is opened retry number is reset to zero.
            </summary>
            <returns>retry number</returns>
        </member>
        <member name="T:Genesyslab.Platform.Standby.WSClosedEvent">
            <summary>
            Base event to present information about single endpoint.
            </summary>
        </member>
        <member name="M:Genesyslab.Platform.Standby.WSClosedEvent.#ctor(Genesyslab.Platform.Standby.WarmStandby,Genesyslab.Platform.Commons.Protocols.ClosedEventArgs)">
            <exclude/>
        </member>
        <member name="P:Genesyslab.Platform.Standby.WSClosedEvent.ClosedEvent">
            <summary>
            Arguments of channel closed event
            </summary>
        </member>
        <member name="P:Genesyslab.Platform.Standby.WSClosedEvent.Cause">
            <summary>
            Cause of disconnection or channel's opening error
            </summary>
        </member>
        <member name="P:Genesyslab.Platform.Standby.WSClosedEvent.Endpoint">
            <summary>
            Active endpoint 
            </summary>
        </member>
        <member name="T:Genesyslab.Platform.Standby.WSDisconnectedEvent">
            <summary>
            Event represents that opened channel was closed.
            </summary>
        </member>
        <member name="M:Genesyslab.Platform.Standby.WSDisconnectedEvent.#ctor(Genesyslab.Platform.Standby.WarmStandby,Genesyslab.Platform.Commons.Protocols.ClosedEventArgs)">
            <exclude/>
        </member>
        <member name="T:Genesyslab.Platform.Standby.WSOpenedEvent">
            <summary>
            Event represents that channel was opened successfuly
            </summary>
        </member>
        <member name="M:Genesyslab.Platform.Standby.WSOpenedEvent.#ctor(Genesyslab.Platform.Standby.WarmStandby,Genesyslab.Platform.Commons.Protocols.OpenedEventArgs)">
            <exclude/>
        </member>
        <member name="P:Genesyslab.Platform.Standby.WSOpenedEvent.OpenedEvent">
            <exclude/>
        </member>
        <member name="P:Genesyslab.Platform.Standby.WSOpenedEvent.Endpoint">
            <exclude/>
        </member>
        <member name="T:Genesyslab.Platform.Standby.WSTriedUnsuccessfullyEvent">
            <summary>
            Event represents that channel had the unsuccessful try to open.
            </summary>
        </member>
        <member name="M:Genesyslab.Platform.Standby.WSTriedUnsuccessfullyEvent.#ctor(Genesyslab.Platform.Standby.WarmStandby,Genesyslab.Platform.Commons.Protocols.ClosedEventArgs)">
            <exclude/>
        </member>
        <member name="P:Genesyslab.Platform.Standby.WSTriedUnsuccessfullyEvent.RestoringStopped">
            <summary>
            Checks if channel connection restoring will be stopped.
            </summary>
            <returns>true if channel connection restoring will be stopped.</returns>
        </member>
        <member name="M:Genesyslab.Platform.Standby.WSTriedUnsuccessfullyEvent.Resume">
            <summary>
            Specify that the same endpoint should be retried again (ASAP) 
            if warm standby open operation won't be canceled.
            </summary>
        </member>
        <member name="T:Genesyslab.Platform.Standby.WSException">
            <summary>
            Base class for all warm standby exceptions.
            </summary>
        </member>
        <member name="M:Genesyslab.Platform.Standby.WSException.#ctor(System.String,System.Exception)">
            <summary>
            Constructor
            </summary>
            <param name="message">Details of the exception.</param>
            <param name="cause">Source of the exception.</param>
        </member>
        <member name="T:Genesyslab.Platform.Standby.WSCanceledException">
            <summary>
            This exception can be thrown when opening operation has been canceled. See the reason in cause.
            </summary>
        </member>
        <member name="M:Genesyslab.Platform.Standby.WSCanceledException.#ctor(System.String,System.Exception)">
            <exclude/>
        </member>
        <member name="T:Genesyslab.Platform.Standby.WSNoAvailableServersException">
            <summary>
            This exception can be thrown when all endpoints have been tried unsuccessfully.
            </summary>
        </member>
        <member name="M:Genesyslab.Platform.Standby.WSNoAvailableServersException.#ctor(System.String,System.Exception)">
            <exclude/>
        </member>
        <member name="T:Genesyslab.Platform.Standby.WSEmptyEndpointPoolException">
            <summary>
            This exception can be thrown when when endpoint pool is empty.
            </summary>
        </member>
        <member name="M:Genesyslab.Platform.Standby.WSEmptyEndpointPoolException.#ctor(System.String,System.Exception)">
            <exclude/>
        </member>
        <member name="T:Genesyslab.Platform.Standby.WSContext">
            <exclude/>
        </member>
        <member name="M:Genesyslab.Platform.Standby.WSContext.#ctor(Genesyslab.Platform.Standby.WarmStandbyImpl)">
            <exclude/>
        </member>
        <member name="T:Genesyslab.Platform.Standby.WSAsyncResult">
            <exclude/>
        </member>
        <member name="P:Genesyslab.Platform.Standby.WSAsyncResult.Cause">
            <exclude/>
        </member>
        <member name="T:Genesyslab.Platform.Standby.WSOpenAsyncResult">
            <exclude/>
        </member>
        <member name="T:Genesyslab.Platform.Standby.WSCloseAsyncResult">
            <exclude/>
        </member>
        <member name="T:Genesyslab.Platform.Standby.WSDelayType">
            <exclude/>
        </member>
        <member name="F:Genesyslab.Platform.Standby.WSDelayType.Unknown">
            <exclude/>
        </member>
        <member name="F:Genesyslab.Platform.Standby.WSDelayType.ReconnectionDelay">
            <exclude/>
        </member>
        <member name="F:Genesyslab.Platform.Standby.WSDelayType.BackupDelay">
            <exclude/>
        </member>
        <member name="F:Genesyslab.Platform.Standby.WSDelayType.RetryDelay">
            <exclude/>
        </member>
        <member name="F:Genesyslab.Platform.Standby.WSDelayType.Endpoints">
            <exclude/>
        </member>
        <member name="F:Genesyslab.Platform.Standby.WSDelayType.Name">
            <exclude/>
        </member>
        <member name="F:Genesyslab.Platform.Standby.WSDelayType.Timeout">
            <exclude/>
        </member>
        <member name="T:Genesyslab.Platform.Standby.WSConfigOption">
            <exclude/>
        </member>
        <member name="F:Genesyslab.Platform.Standby.WSConfigOption.ReconnectionDelay">
            <exclude/>
        </member>
        <member name="F:Genesyslab.Platform.Standby.WSConfigOption.BackupDelay">
            <exclude/>
        </member>
        <member name="F:Genesyslab.Platform.Standby.WSConfigOption.RetryDelay">
            <exclude/>
        </member>
        <member name="F:Genesyslab.Platform.Standby.WSConfigOption.Endpoints">
            <exclude/>
        </member>
        <member name="F:Genesyslab.Platform.Standby.WSConfigOption.Name">
            <exclude/>
        </member>
        <member name="F:Genesyslab.Platform.Standby.WSConfigOption.Timeout">
            <exclude/>
        </member>
        <member name="M:Genesyslab.Platform.Standby.WSConfigOption.op_Implicit(Genesyslab.Platform.Standby.WSConfigOption)~System.Int32">
            <exclude/>
        </member>
        <member name="M:Genesyslab.Platform.Standby.WSConfigOption.op_Implicit(Genesyslab.Platform.Standby.WSConfigOption)~Genesyslab.Platform.Standby.WSDelayType">
            <exclude/>
        </member>
        <member name="T:Genesyslab.Platform.Standby.WSConfig">
            <summary>
            The configuration helps to:
            <list type="bullet">
            <item>define endpoint pool using <see cref="P:Genesyslab.Platform.Standby.WSConfig.Endpoints"/> or <see cref="M:Genesyslab.Platform.Standby.WSConfig.SetEndpoints(Genesyslab.Platform.Commons.Protocols.Endpoint[])"/>;</item>
            <item>configure standard warm standby behavior.</item>
            </list>
            </summary>
        </member>
        <member name="M:Genesyslab.Platform.Standby.WSConfig.#ctor">
            <summary>
            Constructor of WSConfig. Creates instance of WSConfog with default values.
            </summary>
        </member>
        <member name="M:Genesyslab.Platform.Standby.WSConfig.#ctor(System.String)">
            <summary>
            Constructor of WSConfig. Creates instance of WSConfog with default values.
            </summary>
            <param name="name">Name of configuration</param>
        </member>
        <member name="P:Genesyslab.Platform.Standby.WSConfig.Endpoints">
            <summary>
            Sets endpoints list.
            <para>
            <b>Note:</b> if endpoints with same app,host and port will be passed
            multiple times then only first one will be used while opening.
            </para>
            <para>
            The iteration through endpoints always starts from the begin of the ednpoint's pool. <br/>
            Endpoint from which channel has been disconnected and endpoints which
            have been already checked unsuccessfully after disconnection, are skipped
            from the iteration. <br/>
            If some other order of iteration is desired than in the appropriate event 
            handler the endpoints order in the pool can be changed appropriately.
            </para>
            </summary>
        </member>
        <member name="M:Genesyslab.Platform.Standby.WSConfig.SetEndpoints(Genesyslab.Platform.Commons.Protocols.Endpoint[])">
            <summary>
            Sets open array of endpoints.
            </summary>
            <param name="value">Open array of endpoints</param>
            <returns>this instance</returns>
        </member>
        <member name="P:Genesyslab.Platform.Standby.WSConfig.ReconnectionRandomDelayRange">
            <summary>
            Gets/sets the random delay range before reconnection to the last opened
            endpoint in case of disconnection.
            </summary>
        </member>
        <member name="P:Genesyslab.Platform.Standby.WSConfig.BackupDelay">
            <summary>
            Gets/sets the backup delay that is applied after failure of the first
            reconnection attempt and before switching to backup endpoint. It
            represents time which is enough for backup server to switchover to
            primary mode.
            </summary>
        </member>
        <member name="P:Genesyslab.Platform.Standby.WSConfig.Timeout">
            <summary>
            Gets/sets the open timeout that is used for connection to endpoints.
            Default value is null, it means using channel's timeout.
            </summary>
        </member>
        <member name="P:Genesyslab.Platform.Standby.WSConfig.Name">
            <summary>
            Gets/sets name of configuration.
            Default value is null.
            </summary>
        </member>
        <member name="P:Genesyslab.Platform.Standby.WSConfig.RetryDelay">
            <summary>
            Gets/sets retry delays that is applied after all endpoints has been checked
            unsuccessfully and before next iteration will be started.
            <para>The default value is 1000 ms.</para>
            </summary>
        </member>
        <member name="M:Genesyslab.Platform.Standby.WSConfig.SetRetryDelay(System.Int32[])">
            <summary>
            Sets retry delays that is applied after all endpoints has been checked
            unsuccessfully and before next iteration will be started.
            </summary>
        </member>
        <member name="M:Genesyslab.Platform.Standby.WSConfig.GetRetryDelay(System.Int32)">
            <summary>
            Gets retry delay that is applied after all endpoints has been checked
            unsuccessfully and before next iteration will be started.
            </summary>
            <returns>retry delay in milliseconds</returns>
        </member>
        <member name="M:Genesyslab.Platform.Standby.WSConfig.EqualsIgnoreName(Genesyslab.Platform.Standby.WSConfig)">
            <summary>
            Compars configurations ignoring their names 
            </summary>
            <param name="config">Configuration to be compared</param>
            <returns>comparison result</returns>
        </member>
        <member name="M:Genesyslab.Platform.Standby.WSConfig.EqualsIgnoreName(Genesyslab.Platform.Standby.WSConfig,Genesyslab.Platform.Standby.WSConfig)">
            <summary>
            Helper method, to compare configurations ignoring their names 
            </summary>
            <param name="firstCfg">First config</param>
            <param name="secondCfg">Second config</param>
            <returns>comparison result</returns>
        </member>
        <member name="T:Genesyslab.Platform.ApplicationBlocks.WarmStandby.IWarmStandbyConnectionFailureContext">
             <summary>
            
             Connection failure context interface will be provided by WarmStandbyService
             to custom WarmStandbyConnectionFailureHandler in case of connection failure.
            
             <see cref="T:Genesyslab.Platform.ApplicationBlocks.WarmStandby.WarmStandbyService"/>
             </summary>
        </member>
        <member name="P:Genesyslab.Platform.ApplicationBlocks.WarmStandby.IWarmStandbyConnectionFailureContext.ClosedEvent">
            <summary>
            Gets the reason of the connection failure.
            </summary>
        </member>
        <member name="P:Genesyslab.Platform.ApplicationBlocks.WarmStandby.IWarmStandbyConnectionFailureContext.Service">
            <summary>
            Gets the service instance where connection failure happened.
            </summary>
        </member>
        <member name="M:Genesyslab.Platform.ApplicationBlocks.WarmStandby.IWarmStandbyConnectionFailureContext.DoSwitchover">
             <summary>
             Requests to change "active" and "standby" endpoints
             of the WarmStandby service. After this operation <c>scheduleReconnect()</c>
             should be called to schedule the connection reopen task.
            
             <see cref="M:Genesyslab.Platform.ApplicationBlocks.WarmStandby.IWarmStandbyConnectionFailureContext.ScheduleReconnect(System.Int32)"/>
             </summary>
        </member>
        <member name="M:Genesyslab.Platform.ApplicationBlocks.WarmStandby.IWarmStandbyConnectionFailureContext.DoStandbyOff">
            <summary>
            Sets service state to "off" and clear reconnect counters.
            </summary>
        </member>
        <member name="M:Genesyslab.Platform.ApplicationBlocks.WarmStandby.IWarmStandbyConnectionFailureContext.ScheduleReconnect(System.Int32)">
            <summary>
            This method allows user to notify the WarmStandby service when
            channel reopen action should be done after current failure event.
            It will initiate beginOpen() procedure on the protocol connection
            instance served by the current WarmStandbyService.
            </summary>
            <param name="millisecDelay">delay before reopen try</param>
        </member>
        <member name="T:Genesyslab.Platform.ApplicationBlocks.WarmStandby.WarmStandbyService">
            <summary>
            <c>WarmStandbyService</c> class realizes a redundancy configuration consisting of two servers: Primary and Backup, 
            where the Primary server operates in active mode and the Backup server in standby mode. 
            Only the Primary server accepts connections and message exchanges with the clients. 
            In case of the Primary server failure, the Backup server switches to active mode assuming the role 
            and behavior of the Primary server.
            </summary>
        </member>
        <member name="E:Genesyslab.Platform.ApplicationBlocks.WarmStandby.WarmStandbyService.StateChanged">
            <summary>
            The event <c>StateChanged</c> is raised upon <c>WarmStandbyService</c>'s state changes
            </summary>
        </member>
        <member name="E:Genesyslab.Platform.ApplicationBlocks.WarmStandby.WarmStandbyService.SwitchedOver">
            <summary>
            The event <c>SwitchedOver</c> is raised upon <c>WarmStandbyService</c>'s Configuration Switchover
            </summary>
        </member>
        <member name="T:Genesyslab.Platform.ApplicationBlocks.WarmStandby.WarmStandbyService.RegistrationFailureCallback">
            <summary>
            This call-back method is called in case of RegistrationException.
            It means that target server is available, but for some reason
            it does not allow the client connection. It may be caused by
            wrong login credentials, or some other exception while client
            registration procedure on opened connection.
            Usually it means that there is no need to try reconnect.
            
            Custom code may use provided context to access WarmStandbyService instance,
            to get WarmStandbyConfiguration, and the client protocol connection.
            Also the context allows user to schedule next reconnect task,
            switchover, or stop service.
            <see cref="T:Genesyslab.Platform.Commons.Protocols.RegistrationException"/>
            </summary>
            <param name="context">failure context</param>
            <returns>true if the failure event is handled, or
            false if user wants to let the service to perform default
            operation for the event (stop the WarmStandby service)
            </returns>
        </member>
        <member name="T:Genesyslab.Platform.ApplicationBlocks.WarmStandby.WarmStandbyService.ConnectionFailureCallback">
            <summary>
            This call-back method is called in case of connection failure
            (except RegistrationException).
            
            Custom code may use provided context to access WarmStandbyService instance,
            to get WarmStandbyConfiguration, and the client protocol connection.
            Also the context allows user to schedule next reconnect task,
            switchover, or stop service.
            </summary>
            <param name="context">failure context</param>
            <returns>true if the failure event is handled, or
            false if user wants to let the service to perform default
            operation for the event
            </returns>
        </member>
        <member name="P:Genesyslab.Platform.ApplicationBlocks.WarmStandby.WarmStandbyService.Channel">
            <summary>
            Gets the Client Channel the <c>WarmStandbyService</c> is responsible for
            </summary>
        </member>
        <member name="P:Genesyslab.Platform.ApplicationBlocks.WarmStandby.WarmStandbyService.Configuration">
            <summary>
            Gets <c>WarmStandbyService</c> Configuration
            </summary>
        </member>
        <member name="P:Genesyslab.Platform.ApplicationBlocks.WarmStandby.WarmStandbyService.State">
            <summary>
            Gets the <c>WarmStandbyService</c> State
            </summary>
        </member>
        <member name="P:Genesyslab.Platform.ApplicationBlocks.WarmStandby.WarmStandbyService.Attempt">
            <summary>
            Gets current reconnection attempt value
            </summary>
        </member>
        <member name="P:Genesyslab.Platform.ApplicationBlocks.WarmStandby.WarmStandbyService.Switchover">
            <summary>
            Gets current count of switchovers
            </summary>
        </member>
        <member name="M:Genesyslab.Platform.ApplicationBlocks.WarmStandby.WarmStandbyService.#ctor(Genesyslab.Platform.Commons.Protocols.ClientChannel)">
            <summary>
            Creates a <c>WarmStandbyService</c> instance
            </summary>
            <param name="channel">Client Channel the WarmStandby is responsible for</param>
        </member>
        <member name="M:Genesyslab.Platform.ApplicationBlocks.WarmStandby.WarmStandbyService.Start">
            <summary>
            Activates the <c>WarmStandbyService</c>
            </summary>
        </member>
        <member name="M:Genesyslab.Platform.ApplicationBlocks.WarmStandby.WarmStandbyService.Stop">
            <summary>
            Deactivates the <c>WarmStandbyService</c>
            </summary>
        </member>
        <member name="M:Genesyslab.Platform.ApplicationBlocks.WarmStandby.WarmStandbyService.ApplyConfiguration(Genesyslab.Platform.ApplicationBlocks.WarmStandby.WarmStandbyConfiguration)">
            <summary>
            Sets <c>WarmStandbyService</c> Configuration
            </summary>
            <param name="conf">Configuration to be applied</param>
        </member>
        <member name="M:Genesyslab.Platform.ApplicationBlocks.WarmStandby.WarmStandbyService.ApplyConfiguration(Genesyslab.Platform.ApplicationBlocks.WarmStandby.WarmStandbyConfiguration,System.Boolean)">
            <summary>
            Sets <c>WarmStandbyService</c> Configuration
            </summary>
            <param name="conf">Warm Standby Configuration to apply</param>
            <param name="reset">Indicates if the configuration needs to be reset</param>
        </member>
        <member name="M:Genesyslab.Platform.ApplicationBlocks.WarmStandby.WarmStandbyService.SetRegistrationFailureCallback(Genesyslab.Platform.ApplicationBlocks.WarmStandby.WarmStandbyService.RegistrationFailureCallback)">
            <summary>
            Sets user defined <see cref="T:Genesyslab.Platform.ApplicationBlocks.WarmStandby.WarmStandbyService.RegistrationFailureCallback"/> procedure. 
            Callback will be called in cases of RegistrationException.
            </summary>
            <param name="callback">RegistrationFailureCallback</param>
        </member>
        <member name="M:Genesyslab.Platform.ApplicationBlocks.WarmStandby.WarmStandbyService.SetConnectionFailureCallback(Genesyslab.Platform.ApplicationBlocks.WarmStandby.WarmStandbyService.ConnectionFailureCallback)">
            <summary>
            Sets user defined <see cref="T:Genesyslab.Platform.ApplicationBlocks.WarmStandby.WarmStandbyService.ConnectionFailureCallback"/> procedure.
            Callback will be called in cases of connection failure.
            </summary>
            <param name="callback">ConnectionFailureCallback</param>
        </member>
        <member name="M:Genesyslab.Platform.ApplicationBlocks.WarmStandby.WarmStandbyService.DoSwitchover">
            <summary>
            Switches over Active and Standby (servers) Urls
            </summary>
        </member>
        <member name="M:Genesyslab.Platform.ApplicationBlocks.WarmStandby.WarmStandbyService.OnChannelOpened(System.Object,System.EventArgs)">
            <summary>
            Event Handler for the event triggered by the Client Channel when it gets into the Opened state
            </summary>
        </member>
        <member name="M:Genesyslab.Platform.ApplicationBlocks.WarmStandby.WarmStandbyService.OnChannelClosed(System.Object,System.EventArgs)">
            <summary>
            Event Handler for event triggered when the Client Channel gets into the Closed state
            </summary>
        </member>
        <member name="M:Genesyslab.Platform.ApplicationBlocks.WarmStandby.WarmStandbyService.ProcessConnectivityFailure(Genesyslab.Platform.Commons.Protocols.ClosedEventArgs)">
            <summary>
            This function contains implementation of processing of a ClientChannel's connectivity failure
            </summary>
            <param name="eventArgs">A holder of channel's <c>Closed</c> event information</param>
        </member>
        <member name="M:Genesyslab.Platform.ApplicationBlocks.WarmStandby.WarmStandbyService.RaiseStateChanged">
            <summary>
            This event is raised by <c>WarmStandbyService</c> upon its state change(s)
            </summary>
        </member>
        <member name="M:Genesyslab.Platform.ApplicationBlocks.WarmStandby.WarmStandbyService.RaiseSwitchedOver">
            <summary>
            This event is raised by <c>WarmStandbyService</c> upon Configuration Switchover
            </summary>
        </member>
        <member name="M:Genesyslab.Platform.ApplicationBlocks.WarmStandby.WarmStandbyService.Dispose(System.Boolean)">
            <summary>
            Disposes of the service. Implements the Basic Dispose Pattern.
            </summary>
            <param name="disposing">
            <c>false</c> indicates that the method was invoked from the finalizer,
            in this case reference objects should not be accessed.
            </param>
        </member>
        <member name="M:Genesyslab.Platform.ApplicationBlocks.WarmStandby.WarmStandbyService.Dispose">
            <summary>
            Disposes of the service. Implements the Basic Dispose Pattern.
            </summary>
        </member>
        <member name="T:Genesyslab.Platform.ApplicationBlocks.WarmStandby.WarmStandbyConfiguration">
            <summary>
            The <c>WarmStandbyConfiguration</c> class contains redundancy configuration options, 
            including:
            two server's URIs - one for the active URI, and a backup URI;
            the number of reconnection attempts to be made;
            timeout between the reconnection attempts (in milliseconds);
            and the number of primary/backup switchovers allowed.
            </summary>
        </member>
        <member name="F:Genesyslab.Platform.ApplicationBlocks.WarmStandby.WarmStandbyConfiguration.MaxTimeout">
            <summary>
            Maximum timeout/delay between channel reopening attempts
            (30 min in milliseconds)
            </summary>
        </member>
        <member name="M:Genesyslab.Platform.ApplicationBlocks.WarmStandby.WarmStandbyConfiguration.#ctor(Genesyslab.Platform.Commons.Protocols.Endpoint,Genesyslab.Platform.Commons.Protocols.Endpoint,System.Int32,System.Int16)">
            <summary>
            Creates a <c>WarmStandbyConfiguration</c> instance.
            </summary>
            <param name="activeEp">Client Channel's active Endpoint.</param>
            <param name="standbyEp">Client Channel's standby Endpoint.</param>
            <param name="timeout">timeout between the reconnection attempts.</param>
            <param name="attempts">number of reconnection attempts.</param>
        </member>
        <member name="M:Genesyslab.Platform.ApplicationBlocks.WarmStandby.WarmStandbyConfiguration.#ctor(Genesyslab.Platform.Commons.Protocols.Endpoint,Genesyslab.Platform.Commons.Protocols.Endpoint,System.Nullable{System.Int32},System.Nullable{System.Int16})">
            <summary>
            Creates a <c>WarmStandbyConfiguration</c> instance.
            </summary>
            <param name="activeEp">Client Channel's active Endpoint.</param>
            <param name="standbyEp">Client Channel's standby Endpoint.</param>
            <param name="timeout">timeout between the reconnection attempts.</param>
            <param name="attempts">number of reconnection attempts.</param>
        </member>
        <member name="M:Genesyslab.Platform.ApplicationBlocks.WarmStandby.WarmStandbyConfiguration.#ctor(System.Uri,System.Uri,System.Int32,System.Int16)">
            <summary>
            Creates a <c>WarmStandbyConfiguration</c> instance.
            </summary>
            <param name="activeUri">Client Channel's active Uri.</param>
            <param name="standbyUri">Client Channel's standby Uri.</param>
            <param name="timeout">timeout between the reconnection attempts.</param>
            <param name="attempts">number of reconnection attempts.</param>
        </member>
        <member name="M:Genesyslab.Platform.ApplicationBlocks.WarmStandby.WarmStandbyConfiguration.#ctor(Genesyslab.Platform.Commons.Protocols.Endpoint,Genesyslab.Platform.Commons.Protocols.Endpoint,System.Int32,System.Int16,System.Int16)">
            <summary>
            Creates a <c>WarmStandbyConfiguration</c> instance.
            </summary>
            <param name="activeEp">Client Channel's active Endpoint.</param>
            <param name="standbyEp">Client Channel's standby Endpoint.</param>
            <param name="timeout">timeout between the reconnection attempts.</param>
            <param name="attempts">number of reconnection attempts.</param>
            <param name="switchovers">the number of primary/backup switchovers</param>
        </member>
        <member name="M:Genesyslab.Platform.ApplicationBlocks.WarmStandby.WarmStandbyConfiguration.#ctor(Genesyslab.Platform.Commons.Protocols.Endpoint,Genesyslab.Platform.Commons.Protocols.Endpoint,System.Nullable{System.Int32},System.Nullable{System.Int16},System.Nullable{System.Int16})">
            <summary>
            Creates a <c>WarmStandbyConfiguration</c> instance.
            </summary>
            <param name="activeEp">Client Channel's active Endpoint.</param>
            <param name="standbyEp">Client Channel's standby Endpoint.</param>
            <param name="timeout">timeout between the reconnection attempts.</param>
            <param name="attempts">number of reconnection attempts.</param>
            <param name="switchovers">the number of primary/backup switchovers</param>
        </member>
        <member name="M:Genesyslab.Platform.ApplicationBlocks.WarmStandby.WarmStandbyConfiguration.#ctor(Genesyslab.Platform.Commons.Protocols.Endpoint,Genesyslab.Platform.Commons.Protocols.Endpoint,System.Int32,System.Int16,System.Int16,System.Int32)">
            <summary>
            Creates a <c>WarmStandbyConfiguration</c> instance.
            </summary>
            <param name="activeEp">Client Channel's active Endpoint.</param>
            <param name="standbyEp">Client Channel's standby Endpoint.</param>
            <param name="timeout">timeout between the reconnection attempts.</param>
            <param name="attempts">number of reconnection attempts.</param>
            <param name="switchovers">the number of primary/backup switchovers</param>
            <param name="firstReconnectTimeout">timeout of first fast reconnect</param>
        </member>
        <member name="M:Genesyslab.Platform.ApplicationBlocks.WarmStandby.WarmStandbyConfiguration.#ctor(Genesyslab.Platform.Commons.Protocols.Endpoint,Genesyslab.Platform.Commons.Protocols.Endpoint,System.Nullable{System.Int32},System.Nullable{System.Int16},System.Nullable{System.Int16},System.Nullable{System.Int32})">
            <summary>
            Creates a <c>WarmStandbyConfiguration</c> instance.
            </summary>
            <param name="activeEp">Client Channel's active Endpoint.</param>
            <param name="standbyEp">Client Channel's standby Endpoint.</param>
            <param name="timeout">timeout between the reconnection attempts.</param>
            <param name="attempts">number of reconnection attempts.</param>
            <param name="switchovers">the number of primary/backup switchovers</param>
            <param name="firstReconnectTimeout">timeout of first fast reconnect</param>
        </member>
        <member name="M:Genesyslab.Platform.ApplicationBlocks.WarmStandby.WarmStandbyConfiguration.#ctor(System.Uri,System.Uri,System.Int32,System.Int16,System.Int16)">
            <summary>
            Creates a <c>WarmStandbyConfiguration</c> instance.
            </summary>
            <param name="activeUri">Client Channel's active Uri.</param>
            <param name="standbyUri">Client Channel's standby Uri.</param>
            <param name="timeout">timeout between the reconnection attempts.</param>
            <param name="attempts">number of reconnection attempts.</param>
            <param name="switchovers">the number of primary/backup switchovers</param>
        </member>
        <member name="M:Genesyslab.Platform.ApplicationBlocks.WarmStandby.WarmStandbyConfiguration.#ctor(System.Uri,System.Uri)">
            <summary>
            Creates a <c>WarmStandbyConfiguration</c> instance.
            </summary>
            <param name="activeUri">Client Channel's active Uri.</param>
            <param name="standbyUri">Client Channel's standby Uri.</param>
        </member>
        <member name="M:Genesyslab.Platform.ApplicationBlocks.WarmStandby.WarmStandbyConfiguration.#ctor(Genesyslab.Platform.Commons.Protocols.Endpoint,Genesyslab.Platform.Commons.Protocols.Endpoint)">
            <summary>
            Creates a <c>WarmStandbyConfiguration</c> instance.
            </summary>
            <param name="activeEp">Client Channel's active Endpoint.</param>
            <param name="standbyEp">Client Channel's standby Endpoint.</param>
        </member>
        <member name="P:Genesyslab.Platform.ApplicationBlocks.WarmStandby.WarmStandbyConfiguration.ActiveUri">
            <summary>
            Gets the active Uri.
            </summary>
        </member>
        <member name="P:Genesyslab.Platform.ApplicationBlocks.WarmStandby.WarmStandbyConfiguration.ActiveEndpoint">
            <summary>
            Gets/Sets the active Endpoint.
            </summary>
        </member>
        <member name="P:Genesyslab.Platform.ApplicationBlocks.WarmStandby.WarmStandbyConfiguration.StandbyUri">
            <summary>
            Gets the standby Uri.
            </summary>
        </member>
        <member name="P:Genesyslab.Platform.ApplicationBlocks.WarmStandby.WarmStandbyConfiguration.StandbyEndpoint">
            <summary>
            Gets/Sets the standby Endpoint.
            </summary>
        </member>
        <member name="P:Genesyslab.Platform.ApplicationBlocks.WarmStandby.WarmStandbyConfiguration.Timeout">
            <summary>
            Gets/Sets the timeout (in milliseconds) between the reconnection attempts.
            </summary>
        </member>
        <member name="P:Genesyslab.Platform.ApplicationBlocks.WarmStandby.WarmStandbyConfiguration.FirstReconnectTimeout">
            <summary>
            Gets/Sets the timeout (in milliseconds) of first fast reconnect.
            </summary>
        </member>
        <member name="P:Genesyslab.Platform.ApplicationBlocks.WarmStandby.WarmStandbyConfiguration.Attempts">
            <summary>
            Gets/Sets the number of reconnection attempts.
            </summary>
        </member>
        <member name="P:Genesyslab.Platform.ApplicationBlocks.WarmStandby.WarmStandbyConfiguration.Switchovers">
            <summary>
            Gets/Sets the number of primary/backup switchovers. If this parameter is not set,
            or if it is set to null, then an unlimited number of switchovers are allowed.
            If this parameter is set to 0 then switchover will not happen.
            </summary>
        </member>
        <member name="M:Genesyslab.Platform.ApplicationBlocks.WarmStandby.WarmStandbyConfiguration.ToString">
            <summary>
            Creates a String that represents the current Object. 
            </summary>
            <returns>String that represents the current Object.</returns>
        </member>
        <member name="T:Genesyslab.Platform.ApplicationBlocks.WarmStandby.WarmStandbyEventArgs">
            <summary>
            <c>WarmStandbyEventArgs</c> class is a holder of <c>WarmStandbyService</c>'s <c>StateChanged</c> event information.
            </summary>
        </member>
        <member name="M:Genesyslab.Platform.ApplicationBlocks.WarmStandby.WarmStandbyEventArgs.#ctor(Genesyslab.Platform.ApplicationBlocks.WarmStandby.WarmStandbyState)">
            <summary>
            Constructor of the <c>WarmStandbyEventArgs</c> class. 
            </summary>
            <param name="state"><c>WarmStandbyService</c> state</param>
        </member>
        <member name="P:Genesyslab.Platform.ApplicationBlocks.WarmStandby.WarmStandbyEventArgs.State">
            <summary>
            Gets the <c>WarmStandbyService</c> state
            </summary>
        </member>
        <member name="T:Genesyslab.Platform.ApplicationBlocks.WarmStandby.WarmStandbyState">
            <summary>
            <c>WarmStandbyState</c> enumeration lists all the states the <c>WarmStandbyService</c> can have.
            </summary>
        </member>
        <member name="F:Genesyslab.Platform.ApplicationBlocks.WarmStandby.WarmStandbyState.Off">
            <summary>
            <c>WarmStandbyService</c> is stopped/deactivated.
            </summary>
        </member>
        <member name="F:Genesyslab.Platform.ApplicationBlocks.WarmStandby.WarmStandbyState.Idle">
            <summary>
            <c>WarmStandbyService</c> is started/activated and is monitoring the ClientChannel state transitions.
            </summary>
        </member>
        <member name="F:Genesyslab.Platform.ApplicationBlocks.WarmStandby.WarmStandbyState.Reconnecting">
            <summary>
            <c>WarmStandbyService</c> is active and trying to reconnect the Client Channel.
            </summary>
        </member>
        <member name="F:Genesyslab.Platform.ApplicationBlocks.WarmStandby.WarmStandbyState.Waiting">
            <summary>
            <c>WarmStandbyService</c> is active and waiting for the reconnect timeout to expire.
            </summary>
        </member>
    </members>
</doc>
